<?xml version="1.0" encoding="UTF-8"?>
<project-private xmlns="http://www.netbeans.org/ns/project-private/1">
    <editor-bookmarks xmlns="http://www.netbeans.org/ns/editor-bookmarks/2" lastBookmarkId="0"/>
    <open-files xmlns="http://www.netbeans.org/ns/projectui-open-files/2">
        <group>
            <file>file:/D:/java/teste/src/teste/Teste.java</file>
            <file>file:/D:/java/teste/src/teste/Passeio.java</file>
            <file>file:/D:/java/teste/src/teste/Carga.java</file>
            <file>file:/D:/java/teste/src/teste/Calcular.java</file>
            <file>file:/D:/java/teste/src/teste/Leitura.java</file>
            <file>file:/D:/java/teste/src/teste/Veiculo.java</file>
            <file>file:/D:/java/teste/src/teste/Motor.java</file>
            <file>file:/D:/java/teste/src/teste/backup_teste.txt</file>
        </group>
    </open-files>
</project-private>
